{
  "modelCheckResultList" : [ {
    "backwardTransitions" : [ [ ] ],
    "probability" : 0.921671875,
    "expectedMessages" : 3.9999999999999996,
    "id" : 1586600255,
    "epochTimestamp" : 1744129902913
  } ],
  "specification" : [ [ 1, 1, 1, 1 ], [ 1, 0, 1, 1 ], [ 1, 1, 1, 0 ], [ 1, 0, 1, 0 ], [ 1, 1, 1, 1 ], [ 1, 1, 0, 1 ], [ 1, 1, 1, 0 ], [ 1, 1, 0, 0 ], [ 1, 1, 1, 1 ], [ 0, 1, 1, 1 ], [ 1, 0, 1, 1 ], [ 0, 0, 1, 1 ], [ 1, 1, 0, 1 ], [ 0, 1, 0, 1 ], [ 1, 0, 0, 1 ], [ 0, 0, 0, 1 ] ],
  "organizations" : [ "Org1", "Org2", "Org3", "Org4" ]
}